,Stint,Vuelta,PitIn,TiempoParadaAc,TiempoStint,Vueltas,Piloto,TiempoPilotoAc,TiempoParada,PitOut,NumEquipo,Equipo
0,1,16,1169.0,150.0,1169.0,16,GERMAN MUÑOZ,1169.0,150.94000053405762,1320.0,1,LMKC ENDURANCE
1,2,106,7438.0,301.0,6118.0,90,GERMAN MUÑOZ,7287.0,150.9050006866455,7589.0,1,LMKC ENDURANCE
2,3,215,15006.0,453.0,7417.0,109,GERMAN MUÑOZ,14704.0,151.2469997406006,15157.0,1,LMKC ENDURANCE
3,4,229,16116.0,603.0,958.0,14,GERARD SOTO,958.0,150.70400047302246,16267.0,1,LMKC ENDURANCE
4,5,346,24193.0,754.0,7926.0,117,GERARD SOTO,8885.0,150.89599990844727,24344.0,1,LMKC ENDURANCE
5,6,454,31643.0,905.0,7299.0,108,GERARD SOTO,16184.0,151.24099922180176,31794.0,1,LMKC ENDURANCE
6,7,573,39840.0,1056.0,8045.0,119,CHEMA VAZQUEZ,8045.0,150.6860008239746,39991.0,1,LMKC ENDURANCE
7,8,698,48408.0,1207.0,8417.0,125,CHEMA VAZQUEZ,16462.0,151.11400032043457,48559.0,1,LMKC ENDURANCE
8,9,717,49845.0,1358.0,1286.0,19,JOSE BURILLO,1286.0,150.35600090026855,49996.0,1,LMKC ENDURANCE
9,10,732,51008.0,1508.0,1012.0,15,JOSE BURILLO,2298.0,150.80100059509277,51159.0,1,LMKC ENDURANCE
10,11,830,57757.0,1659.0,6598.0,98,JOSE BURILLO,8896.0,150.99099922180176,57908.0,1,LMKC ENDURANCE
11,12,950,65934.0,1811.0,8026.0,120,JOSE BURILLO,16923.0,151.6889991760254,66086.0,1,LMKC ENDURANCE
12,13,959,66698.0,1963.0,612.0,9,GERARD SOTO,16796.0,151.54500007629395,66850.0,1,LMKC ENDURANCE
13,14,1040,72275.0,2113.0,5425.0,81,GERARD SOTO,22221.0,150.80200004577637,72426.0,1,LMKC ENDURANCE
14,15,1074,74701.0,2264.0,2275.0,34,CHEMA VAZQUEZ,18738.0,150.66900062561035,74852.0,1,LMKC ENDURANCE
15,16,1158,80485.0,2415.0,5632.0,84,GERMAN MUÑOZ,20337.0,150.72999954223633,80636.0,1,LMKC ENDURANCE
16,17,1167,81240.0,2566.0,604.0,9,JOSE BURILLO,17527.0,150.85099983215332,81391.0,1,LMKC ENDURANCE
17,18,1176,81993.0,2717.0,602.0,9,JOSE BURILLO,18129.0,151.0629997253418,82144.0,1,LMKC ENDURANCE
18,19,1185,82752.0,2867.0,607.0,9,JOSE BURILLO,18737.0,150.73500061035156,82903.0,1,LMKC ENDURANCE
19,20,1190,83242.0,3019.0,338.0,5,JOSE BURILLO,19076.0,151.72800064086914,83393.0,1,LMKC ENDURANCE
20,21,1207,84533.0,3170.0,1139.0,17,JOSE BURILLO,20216.0,150.79299926757812,84684.0,1,LMKC ENDURANCE
21,22,1220,85563.0,3322.0,878.0,13,JOSE BURILLO,21095.0,151.61800003051758,85714.0,1,LMKC ENDURANCE
22,23,1231,86407.0,0.0,692.0,11,JOSE BURILLO,21787.0,0.0,0.0,1,LMKC ENDURANCE
23,1,104,7142.0,152.0,7142.0,104,JAVI HARO,7142.0,152.52199935913086,7295.0,2,LMKC AF KARTING
24,2,120,8400.0,304.0,1105.0,16,JUAN LUIS BAREA,1105.0,151.79400062561035,8552.0,2,LMKC AF KARTING
25,3,173,12205.0,456.0,3653.0,53,JUAN LUIS BAREA,4758.0,151.70100021362305,12357.0,2,LMKC AF KARTING
26,4,279,19626.0,607.0,7269.0,106,Mª JOSE MENENDEZ,7269.0,151.56999969482422,19778.0,2,LMKC AF KARTING
27,5,302,21376.0,758.0,1598.0,23,LUIGI VIGNERI,1598.0,151.20299911499023,21527.0,2,LMKC AF KARTING
28,6,374,26493.0,909.0,4966.0,72,LUIGI VIGNERI,6564.0,150.64100074768066,26644.0,2,LMKC AF KARTING
29,7,478,33792.0,1061.0,7147.0,104,DAVID GUERRA,7147.0,152.46900177001953,33944.0,2,LMKC AF KARTING
30,8,523,37063.0,1215.0,3118.0,45,JOSE IGNACIO RAMOS,3118.0,153.4990005493164,37216.0,2,LMKC AF KARTING
31,9,607,42983.0,1367.0,5766.0,84,JOSE IGNACIO RAMOS,8885.0,151.82299995422363,43135.0,2,LMKC AF KARTING
32,10,705,49745.0,1518.0,6610.0,98,JAVI HARO,13752.0,151.29199981689453,49896.0,2,LMKC AF KARTING
33,11,811,57131.0,1670.0,7234.0,106,JUAN LUIS BAREA,11993.0,151.97999954223633,57283.0,2,LMKC AF KARTING
34,12,907,63849.0,1822.0,6566.0,96,Mª JOSE MENENDEZ,13835.0,152.38899993896484,64002.0,2,LMKC AF KARTING
35,13,1012,71193.0,1975.0,7190.0,105,LUIGI VIGNERI,13755.0,152.1959991455078,71345.0,2,LMKC AF KARTING
36,14,1057,74428.0,2126.0,3083.0,45,DAVID GUERRA,10231.0,151.29599952697754,74580.0,2,LMKC AF KARTING
37,15,1112,78327.0,2277.0,3747.0,55,DAVID GUERRA,13978.0,151.14999961853027,78478.0,2,LMKC AF KARTING
38,16,1123,79228.0,2429.0,750.0,11,JOSE IGNACIO RAMOS,9635.0,152.2770004272461,79380.0,2,LMKC AF KARTING
39,17,1136,80267.0,2581.0,886.0,13,JOSE IGNACIO RAMOS,10522.0,151.72599983215332,80419.0,2,LMKC AF KARTING
40,18,1147,81175.0,2733.0,756.0,11,JOSE IGNACIO RAMOS,11278.0,151.77499961853027,81327.0,2,LMKC AF KARTING
41,19,1157,82015.0,2885.0,688.0,10,JOSE IGNACIO RAMOS,11966.0,152.10800170898438,82167.0,2,LMKC AF KARTING
42,20,1169,82984.0,3036.0,816.0,12,JOSE IGNACIO RAMOS,12783.0,151.3120002746582,83135.0,2,LMKC AF KARTING
43,21,1183,84097.0,3189.0,962.0,14,JOSE IGNACIO RAMOS,13745.0,152.35599899291992,84250.0,2,LMKC AF KARTING
44,22,1202,85547.0,3340.0,1296.0,19,JUAN LUIS BAREA,13290.0,151.38899993896484,85698.0,2,LMKC AF KARTING
45,23,1214,86461.0,0.0,763.0,12,JUAN LUIS BAREA,14053.0,0.0,0.0,2,LMKC AF KARTING
46,1,94,6461.0,152.0,6461.0,94,JORGE IBARS,6461.0,152.5870018005371,6614.0,3,CVKS AUTOS DIRECT
47,2,205,14215.0,304.0,7601.0,111,CARLOS CARRASCOSA,7601.0,151.68000030517578,14366.0,3,CVKS AUTOS DIRECT
48,3,223,15608.0,455.0,1241.0,18,CARLOS SUAREZ,1241.0,151.59099960327148,15759.0,3,CVKS AUTOS DIRECT
49,4,334,23380.0,608.0,7620.0,111,CARLOS SUAREZ,8861.0,152.54399871826172,23532.0,3,CVKS AUTOS DIRECT
50,5,408,28602.0,760.0,5069.0,74,JUANJO CEBRIA,5069.0,152.16899871826172,28754.0,3,CVKS AUTOS DIRECT
51,6,464,32620.0,912.0,3865.0,56,ALVARO SEGURO,3865.0,152.02199935913086,32772.0,3,CVKS AUTOS DIRECT
52,7,504,35532.0,1064.0,2759.0,40,ALVARO SEGURO,6625.0,151.91900062561035,35684.0,3,CVKS AUTOS DIRECT
53,8,567,39965.0,1215.0,4281.0,63,JORGE IBARS,10742.0,151.29100036621094,40116.0,3,CVKS AUTOS DIRECT
54,9,604,42627.0,1367.0,2511.0,37,JORGE IBARS,13253.0,151.4109992980957,42778.0,3,CVKS AUTOS DIRECT
55,10,706,49677.0,1518.0,6898.0,102,JUANJO CEBRIA,11968.0,151.39999961853027,49829.0,3,CVKS AUTOS DIRECT
56,11,746,52561.0,1669.0,2732.0,40,CARLOS SUAREZ,11594.0,151.2490005493164,52713.0,3,CVKS AUTOS DIRECT
57,12,775,54704.0,1822.0,1991.0,29,CARLOS SUAREZ,13585.0,152.30699920654297,54856.0,3,CVKS AUTOS DIRECT
58,13,828,58507.0,1973.0,3650.0,53,ALVARO SEGURO,10275.0,151.32200050354004,58658.0,3,CVKS AUTOS DIRECT
59,14,884,62474.0,2124.0,3816.0,56,ALVARO SEGURO,14091.0,151.0310001373291,62625.0,3,CVKS AUTOS DIRECT
60,15,967,68265.0,2275.0,5640.0,83,JUANJO CEBRIA,17609.0,151.17700004577637,68417.0,3,CVKS AUTOS DIRECT
61,16,1004,70943.0,2427.0,2526.0,37,JORGE IBARS,15779.0,152.08599853515625,71095.0,3,CVKS AUTOS DIRECT
62,17,1055,74556.0,2578.0,3461.0,51,CARLOS CARRASCOSA,11062.0,151.06999969482422,74707.0,3,CVKS AUTOS DIRECT
63,18,1074,76003.0,2729.0,1295.0,19,CARLOS CARRASCOSA,12358.0,150.95499992370605,76154.0,3,CVKS AUTOS DIRECT
64,19,1134,80216.0,2880.0,4062.0,60,CARLOS CARRASCOSA,16420.0,151.14599990844727,80367.0,3,CVKS AUTOS DIRECT
65,20,1144,81055.0,3031.0,687.0,10,CARLOS SUAREZ,14273.0,150.8120002746582,81206.0,3,CVKS AUTOS DIRECT
66,21,1177,83433.0,3183.0,2227.0,33,CARLOS SUAREZ,16501.0,151.72999954223633,83585.0,3,CVKS AUTOS DIRECT
67,22,1189,84412.0,3335.0,827.0,12,ALVARO SEGURO,14919.0,151.7229995727539,84564.0,3,CVKS AUTOS DIRECT
68,23,1217,86430.0,0.0,1866.0,28,ALVARO SEGURO,16785.0,0.0,0.0,3,CVKS AUTOS DIRECT
69,1,108,7379.0,152.0,7379.0,108,JON DEL VALLE,7379.0,152.11399841308594,7531.0,4,CVKS PATRINI
70,2,220,15068.0,303.0,7537.0,112,JON DEL VALLE,14916.0,151.77899932861328,15220.0,4,CVKS PATRINI
71,3,337,23123.0,455.0,7903.0,117,GERMAN SANCHEZ,7903.0,151.52199935913086,23275.0,4,CVKS PATRINI
72,4,452,31052.0,607.0,7776.0,115,GERMAN SANCHEZ,15680.0,151.9969997406006,31204.0,4,CVKS PATRINI
73,5,468,32299.0,759.0,1094.0,16,JUAN SANCHEZ,1094.0,151.67000007629395,32450.0,4,CVKS PATRINI
74,6,576,39794.0,910.0,7343.0,108,JUAN SANCHEZ,8438.0,151.70599937438965,39945.0,4,CVKS PATRINI
75,7,691,47730.0,1062.0,7784.0,115,JUAN SANCHEZ,16222.0,151.78700065612793,47881.0,4,CVKS PATRINI
76,8,707,48964.0,1213.0,1082.0,16,GERMAN SANCHEZ,16762.0,150.85400009155273,49115.0,4,CVKS PATRINI
77,9,824,56932.0,1364.0,7817.0,117,GERMAN SANCHEZ,24580.0,151.13500022888184,57084.0,4,CVKS PATRINI
78,10,835,57833.0,1515.0,749.0,11,JUAN SANCHEZ,16971.0,151.0639991760254,57984.0,4,CVKS PATRINI
79,11,950,65682.0,1667.0,7697.0,115,JUAN SANCHEZ,24669.0,151.4409999847412,65833.0,4,CVKS PATRINI
80,12,996,68918.0,1817.0,3084.0,46,JUAN SANCHEZ,27754.0,150.89200019836426,69069.0,4,CVKS PATRINI
81,13,1009,69944.0,1969.0,874.0,13,JON DEL VALLE,15791.0,151.11199951171875,70095.0,4,CVKS PATRINI
82,14,1020,70840.0,2120.0,744.0,11,JON DEL VALLE,16536.0,151.04199981689453,70991.0,4,CVKS PATRINI
83,15,1057,73482.0,2271.0,2491.0,37,JON DEL VALLE,19027.0,150.98600006103516,73633.0,4,CVKS PATRINI
84,16,1133,78729.0,2422.0,5095.0,76,JON DEL VALLE,24123.0,151.45100021362305,78880.0,4,CVKS PATRINI
85,17,1155,80361.0,2574.0,1480.0,22,GERMAN SANCHEZ,26061.0,151.5049991607666,80513.0,4,CVKS PATRINI
86,18,1166,81255.0,2725.0,741.0,11,JON DEL VALLE,24865.0,151.2140007019043,81406.0,4,CVKS PATRINI
87,19,1175,82010.0,2876.0,604.0,9,JON DEL VALLE,25469.0,151.26399993896484,82161.0,4,CVKS PATRINI
88,20,1184,82772.0,3028.0,610.0,9,JON DEL VALLE,26080.0,151.4650001525879,82923.0,4,CVKS PATRINI
89,21,1203,84197.0,3179.0,1273.0,19,JON DEL VALLE,27353.0,151.13500022888184,84348.0,4,CVKS PATRINI
90,22,1215,85164.0,3330.0,815.0,12,JON DEL VALLE,28169.0,151.48800086975098,85315.0,4,CVKS PATRINI
91,23,1232,86405.0,0.0,1090.0,17,JON DEL VALLE,29259.0,0.0,0.0,4,CVKS PATRINI
92,1,44,3131.0,151.0,3131.0,44,ALBERTO QUEVEDO GORDON,3131.0,151.35400009155273,3282.0,5,CVKS COBRA KAI
93,2,150,10497.0,305.0,7214.0,106,JULIAN GARRIDO JUMILLA,7214.0,154.61399841308594,10651.0,5,CVKS COBRA KAI
94,3,163,11562.0,457.0,910.0,13,FERNANDO PEDRERA,910.0,151.46100044250488,11713.0,5,CVKS COBRA KAI
95,4,206,14696.0,610.0,2982.0,43,FERNANDO PEDRERA,3892.0,152.86999893188477,14849.0,5,CVKS COBRA KAI
96,5,265,18967.0,762.0,4117.0,59,ALBERTO QUEVEDO SARMIENTO,0.0,152.3300018310547,19119.0,5,CVKS COBRA KAI
97,6,309,22168.0,914.0,3049.0,44,ALBERTO QUEVEDO GORDON,6180.0,151.4689998626709,22320.0,5,CVKS COBRA KAI
98,7,425,30173.0,1067.0,7852.0,116,JULIAN GARRIDO JUMILLA,15067.0,153.2050018310547,30326.0,5,CVKS COBRA KAI
99,8,479,34057.0,1220.0,3731.0,54,FERNANDO PEDRERA,7624.0,153.14899826049805,34210.0,5,CVKS COBRA KAI
100,9,526,37468.0,1372.0,3257.0,47,ALBERTO QUEVEDO SARMIENTO,0.0,152.13700103759766,37620.0,5,CVKS COBRA KAI
101,10,537,38386.0,1524.0,766.0,11,ALBERTO QUEVEDO GORDON,6947.0,151.51799964904785,38538.0,5,CVKS COBRA KAI
102,11,594,42473.0,1675.0,3935.0,57,ALBERTO QUEVEDO GORDON,10882.0,151.16200065612793,42625.0,5,CVKS COBRA KAI
103,12,689,49047.0,1827.0,6422.0,95,JULIAN GARRIDO JUMILLA,21490.0,151.9689998626709,49199.0,5,CVKS COBRA KAI
104,13,700,49966.0,1979.0,766.0,11,FERNANDO PEDRERA,8391.0,152.28200149536133,50119.0,5,CVKS COBRA KAI
105,14,778,55465.0,2131.0,5346.0,78,FERNANDO PEDRERA,13737.0,151.5,55617.0,5,CVKS COBRA KAI
106,15,818,58376.0,2282.0,2759.0,40,FERNANDO PEDRERA,16497.0,151.80599975585938,58528.0,5,CVKS COBRA KAI
107,16,931,66274.0,2434.0,7746.0,113,ALBERTO QUEVEDO SARMIENTO,0.0,151.503999710083,66426.0,5,CVKS COBRA KAI
108,17,996,70876.0,2585.0,4450.0,65,ALBERTO QUEVEDO GORDON,15333.0,151.34900093078613,71027.0,5,CVKS COBRA KAI
109,18,1044,74266.0,2737.0,3238.0,48,JULIAN GARRIDO JUMILLA,24729.0,151.70800018310547,74418.0,5,CVKS COBRA KAI
110,19,1098,78121.0,2889.0,3703.0,54,ALBERTO QUEVEDO SARMIENTO,0.0,152.40499877929688,78274.0,5,CVKS COBRA KAI
111,20,1133,80667.0,3041.0,2393.0,35,FERNANDO PEDRERA,18890.0,151.68499946594238,80818.0,5,CVKS COBRA KAI
112,21,1157,82475.0,3192.0,1656.0,24,ALBERTO QUEVEDO GORDON,16989.0,151.38999938964844,82627.0,5,CVKS COBRA KAI
113,22,1183,84426.0,3344.0,1799.0,26,ALBERTO QUEVEDO GORDON,18789.0,151.27400016784668,84577.0,5,CVKS COBRA KAI
114,23,1211,86441.0,0.0,1863.0,28,JULIAN GARRIDO JUMILLA,26592.0,0.0,0.0,5,CVKS COBRA KAI
115,1,104,7097.0,154.0,7097.0,104,DIEGO PEREZ,7097.0,154.67200088500977,7252.0,6,HISPANO ALEMAN RACING TEAM
116,2,124,8617.0,306.0,1365.0,20,SAMUEL GARCIA,1365.0,152.29000091552734,8770.0,6,HISPANO ALEMAN RACING TEAM
117,3,222,15454.0,458.0,6684.0,98,SAMUEL GARCIA,8050.0,151.35700035095215,15606.0,6,HISPANO ALEMAN RACING TEAM
118,4,315,21931.0,609.0,6325.0,93,JAVIER FERNANDEZ,6325.0,151.3090000152588,22082.0,6,HISPANO ALEMAN RACING TEAM
119,5,334,23386.0,761.0,1303.0,19,AITOR RINCON,1303.0,151.48699951171875,23538.0,6,HISPANO ALEMAN RACING TEAM
120,6,388,27209.0,912.0,3671.0,54,AITOR RINCON,4975.0,151.25799942016602,27360.0,6,HISPANO ALEMAN RACING TEAM
121,7,504,35161.0,1063.0,7800.0,116,DIEGO PEREZ,14897.0,150.90900039672852,35312.0,6,HISPANO ALEMAN RACING TEAM
122,8,523,36608.0,1214.0,1296.0,19,SAMUEL GARCIA,9347.0,150.77099990844727,36759.0,6,HISPANO ALEMAN RACING TEAM
123,9,573,40177.0,1365.0,3417.0,50,SAMUEL GARCIA,12765.0,151.07900047302246,40328.0,6,HISPANO ALEMAN RACING TEAM
124,10,583,41015.0,1516.0,686.0,10,JAVIER FERNANDEZ,7012.0,151.00699996948242,41166.0,6,HISPANO ALEMAN RACING TEAM
125,11,684,47990.0,1666.0,6824.0,101,JAVIER FERNANDEZ,13836.0,150.83600044250488,48141.0,6,HISPANO ALEMAN RACING TEAM
126,12,701,49301.0,1818.0,1160.0,17,AITOR RINCON,6135.0,151.16799926757812,49453.0,6,HISPANO ALEMAN RACING TEAM
127,13,812,56936.0,1969.0,7483.0,111,AITOR RINCON,13619.0,151.2800006866455,57088.0,6,HISPANO ALEMAN RACING TEAM
128,14,821,57705.0,2120.0,617.0,9,SAMUEL GARCIA,13382.0,151.28800010681152,57856.0,6,HISPANO ALEMAN RACING TEAM
129,15,892,62657.0,2271.0,4800.0,71,SAMUEL GARCIA,18183.0,151.10099983215332,62808.0,6,HISPANO ALEMAN RACING TEAM
130,16,902,63481.0,2422.0,672.0,10,DIEGO PEREZ,15569.0,150.95400047302246,63632.0,6,HISPANO ALEMAN RACING TEAM
131,17,1011,70937.0,2574.0,7305.0,109,DIEGO PEREZ,22875.0,151.29700088500977,71088.0,6,HISPANO ALEMAN RACING TEAM
132,18,1087,76257.0,2725.0,5169.0,76,AITOR RINCON,18788.0,151.26600074768066,76409.0,6,HISPANO ALEMAN RACING TEAM
133,19,1096,77024.0,2876.0,615.0,9,SAMUEL GARCIA,18798.0,151.09099960327148,77175.0,6,HISPANO ALEMAN RACING TEAM
134,20,1105,77789.0,3027.0,614.0,9,JAVIER FERNANDEZ,14450.0,150.89299964904785,77940.0,6,HISPANO ALEMAN RACING TEAM
135,21,1124,79236.0,3178.0,1295.0,19,JAVIER FERNANDEZ,15746.0,151.5949993133545,79388.0,6,HISPANO ALEMAN RACING TEAM
136,22,1169,82457.0,3329.0,3069.0,45,JAVIER FERNANDEZ,18815.0,150.9419994354248,82608.0,6,HISPANO ALEMAN RACING TEAM
137,23,1226,86410.0,0.0,3802.0,57,DIEGO PEREZ,26677.0,0.0,0.0,6,HISPANO ALEMAN RACING TEAM
138,1,101,7010.0,153.0,7010.0,101,JOSE MANUEL FERNANDEZ,7010.0,153.14099884033203,7163.0,7,HISPANO ALEMAN PEMEBLA RACING
139,2,196,13822.0,307.0,6659.0,95,HARALD GRUNDNER,6659.0,154.15900039672852,13977.0,7,HISPANO ALEMAN PEMEBLA RACING
140,3,299,21138.0,460.0,7161.0,103,DANIEL ARROYO,7161.0,153.37900161743164,21291.0,7,HISPANO ALEMAN PEMEBLA RACING
141,4,379,26880.0,613.0,5588.0,80,JAVIER PALOMEQUE,5588.0,152.8740005493164,27033.0,7,HISPANO ALEMAN PEMEBLA RACING
142,5,457,32471.0,766.0,5437.0,78,JAVIER PALOMEQUE,11026.0,153.00799942016602,32624.0,7,HISPANO ALEMAN PEMEBLA RACING
143,6,479,34166.0,917.0,1542.0,22,JOSE MANUEL FERNANDEZ,8552.0,150.8080005645752,34316.0,7,HISPANO ALEMAN PEMEBLA RACING
144,7,557,39724.0,1068.0,5407.0,78,HARALD GRUNDNER,12067.0,151.4099998474121,39876.0,7,HISPANO ALEMAN PEMEBLA RACING
145,8,609,43478.0,1219.0,3602.0,52,JOSE MANUEL FERNANDEZ,12154.0,150.9419994354248,43629.0,7,HISPANO ALEMAN PEMEBLA RACING
146,9,619,44330.0,1371.0,700.0,10,DANIEL ARROYO,7861.0,151.28800010681152,44481.0,7,HISPANO ALEMAN PEMEBLA RACING
147,10,687,49230.0,1522.0,4749.0,68,DANIEL ARROYO,12611.0,151.49799919128418,49382.0,7,HISPANO ALEMAN PEMEBLA RACING
148,11,763,54648.0,1674.0,5266.0,76,JAVIER PALOMEQUE,16293.0,152.34199905395508,54801.0,7,HISPANO ALEMAN PEMEBLA RACING
149,12,816,58435.0,1825.0,3634.0,53,JOSE MANUEL FERNANDEZ,15789.0,150.503999710083,58585.0,7,HISPANO ALEMAN PEMEBLA RACING
150,13,863,61844.0,1976.0,3259.0,47,HARALD GRUNDNER,15326.0,151.50699996948242,61996.0,7,HISPANO ALEMAN PEMEBLA RACING
151,14,920,65976.0,2128.0,3980.0,57,HARALD GRUNDNER,19306.0,151.17499923706055,66127.0,7,HISPANO ALEMAN PEMEBLA RACING
152,15,972,69720.0,2279.0,3592.0,52,DANIEL ARROYO,16203.0,151.6560001373291,69871.0,7,HISPANO ALEMAN PEMEBLA RACING
153,16,982,70571.0,2431.0,699.0,10,JAVIER PALOMEQUE,16993.0,151.35300064086914,70723.0,7,HISPANO ALEMAN PEMEBLA RACING
154,17,1014,72946.0,2582.0,2222.0,32,JAVIER PALOMEQUE,19216.0,151.23900032043457,73097.0,7,HISPANO ALEMAN PEMEBLA RACING
155,18,1040,74905.0,2732.0,1808.0,26,JAVIER PALOMEQUE,21024.0,150.70299911499023,75056.0,7,HISPANO ALEMAN PEMEBLA RACING
156,19,1049,75684.0,2883.0,627.0,9,JOSE MANUEL FERNANDEZ,16417.0,151.003999710083,75835.0,7,HISPANO ALEMAN PEMEBLA RACING
157,20,1097,79160.0,3035.0,3324.0,48,JOSE MANUEL FERNANDEZ,19741.0,151.4650001525879,79311.0,7,HISPANO ALEMAN PEMEBLA RACING
158,21,1167,84162.0,3186.0,4851.0,70,DANIEL ARROYO,21054.0,151.1550006866455,84313.0,7,HISPANO ALEMAN PEMEBLA RACING
159,22,1178,85074.0,3338.0,760.0,11,HARALD GRUNDNER,20066.0,151.99099922180176,85226.0,7,HISPANO ALEMAN PEMEBLA RACING
160,23,1196,86421.0,0.0,1195.0,18,HARALD GRUNDNER,21261.0,0.0,0.0,7,HISPANO ALEMAN PEMEBLA RACING
161,1,109,7455.0,153.0,7455.0,109,TOM CHIAPPE,7455.0,153.11199951171875,7608.0,8,EIRIZ RACING PRO
162,2,228,15673.0,305.0,8064.0,119,SVEN BAUMBERGER,8064.0,152.03099822998047,15825.0,8,EIRIZ RACING PRO
163,3,343,23644.0,456.0,7818.0,115,ALEXIS BOURQUI,7818.0,151.76399993896484,23796.0,8,EIRIZ RACING PRO
164,4,427,29526.0,608.0,5730.0,84,TOM CHIAPPE,13186.0,151.71599960327148,29678.0,8,EIRIZ RACING PRO
165,5,453,31453.0,759.0,1774.0,26,SVEN BAUMBERGER,9839.0,151.20499992370605,31604.0,8,EIRIZ RACING PRO
166,6,466,32491.0,911.0,886.0,13,SVEN BAUMBERGER,10725.0,151.5359992980957,32642.0,8,EIRIZ RACING PRO
167,7,574,39959.0,1063.0,7317.0,108,ALEXIS BOURQUI,15135.0,152.04899978637695,40111.0,8,EIRIZ RACING PRO
168,8,688,47839.0,1214.0,7728.0,114,TOM CHIAPPE,20914.0,151.25799942016602,47991.0,8,EIRIZ RACING PRO
169,9,708,49350.0,1365.0,1358.0,20,SVEN BAUMBERGER,12084.0,151.04000091552734,49501.0,8,EIRIZ RACING PRO
170,10,729,50933.0,1516.0,1432.0,21,SVEN BAUMBERGER,13517.0,151.15800094604492,51084.0,8,EIRIZ RACING PRO
171,11,739,51769.0,1668.0,684.0,10,SVEN BAUMBERGER,14202.0,151.17600059509277,51920.0,8,EIRIZ RACING PRO
172,12,756,53078.0,1819.0,1158.0,17,SVEN BAUMBERGER,15360.0,150.9640007019043,53229.0,8,EIRIZ RACING PRO
173,13,882,61695.0,1971.0,8466.0,126,ALEXIS BOURQUI,23601.0,152.30500030517578,61848.0,8,EIRIZ RACING PRO
174,14,1010,70444.0,2122.0,8596.0,128,SVEN BAUMBERGER,23957.0,151.03300094604492,70595.0,8,EIRIZ RACING PRO
175,15,1139,79256.0,2273.0,8660.0,129,TOM CHIAPPE,29574.0,151.3080005645752,79407.0,8,EIRIZ RACING PRO
176,16,1148,80023.0,2424.0,616.0,9,ALEXIS BOURQUI,24218.0,150.97800064086914,80174.0,8,EIRIZ RACING PRO
177,17,1158,80851.0,2575.0,676.0,10,ALEXIS BOURQUI,24895.0,150.875,81002.0,8,EIRIZ RACING PRO
178,18,1168,81677.0,2726.0,674.0,10,ALEXIS BOURQUI,25570.0,150.9109992980957,81828.0,8,EIRIZ RACING PRO
179,19,1177,82441.0,2876.0,613.0,9,ALEXIS BOURQUI,26183.0,150.50200080871582,82592.0,8,EIRIZ RACING PRO
180,20,1188,83334.0,3027.0,741.0,11,SVEN BAUMBERGER,24698.0,150.5939998626709,83484.0,8,EIRIZ RACING PRO
181,21,1197,84093.0,3178.0,608.0,9,SVEN BAUMBERGER,25307.0,150.57200050354004,84243.0,8,EIRIZ RACING PRO
182,22,1207,84920.0,3328.0,677.0,10,SVEN BAUMBERGER,25984.0,150.82799911499023,85071.0,8,EIRIZ RACING PRO
183,23,1228,86439.0,0.0,1367.0,21,TOM CHIAPPE,30942.0,0.0,0.0,8,EIRIZ RACING PRO
184,1,12,898.0,151.0,898.0,12,DANIELE ANTRONACO,898.0,151.9389991760254,1050.0,9,PROJECT EQTOX
185,2,117,8171.0,304.0,7120.0,105,DANIELE ANTRONACO,8019.0,152.15700149536133,8323.0,9,PROJECT EQTOX
186,3,130,9213.0,456.0,889.0,13,DANIEL HERREROS,889.0,152.31800079345703,9365.0,9,PROJECT EQTOX
187,4,175,12450.0,609.0,3084.0,45,DANIEL HERREROS,3974.0,152.9360008239746,12603.0,9,PROJECT EQTOX
188,5,280,19803.0,762.0,7199.0,105,FEDERICO SEGUNDO,7199.0,153.33300018310547,19956.0,9,PROJECT EQTOX
189,6,299,21280.0,916.0,1324.0,19,FABIO FRANCO,1324.0,153.70399856567383,21434.0,9,PROJECT EQTOX
190,7,401,28420.0,1069.0,6986.0,102,FABIO FRANCO,8310.0,152.76399993896484,28573.0,9,PROJECT EQTOX
191,8,424,30149.0,1221.0,1575.0,23,FERNANDO VILLEGAS,1575.0,152.30199813842773,30301.0,9,PROJECT EQTOX
192,9,524,37095.0,1373.0,6794.0,100,FERNANDO VILLEGAS,8369.0,152.17300033569336,37248.0,9,PROJECT EQTOX
193,10,630,44473.0,1526.0,7225.0,106,DANIEL HERREROS,11199.0,152.69800186157227,44625.0,9,PROJECT EQTOX
194,11,641,45380.0,1678.0,754.0,11,DANIELE ANTRONACO,8774.0,152.16500091552734,45533.0,9,PROJECT EQTOX
195,12,722,51015.0,1831.0,5482.0,81,DANIELE ANTRONACO,14256.0,152.81999969482422,51168.0,9,PROJECT EQTOX
196,13,827,58384.0,1984.0,7216.0,105,FEDERICO SEGUNDO,14415.0,152.95600128173828,58537.0,9,PROJECT EQTOX
197,14,932,65696.0,2136.0,7159.0,105,FABIO FRANCO,15470.0,152.23300170898438,65849.0,9,PROJECT EQTOX
198,15,1043,73297.0,2289.0,7448.0,111,FERNANDO VILLEGAS,15818.0,152.5880012512207,73450.0,9,PROJECT EQTOX
199,16,1052,74066.0,2440.0,616.0,9,DANIEL HERREROS,11815.0,151.5939998626709,74217.0,9,PROJECT EQTOX
200,17,1101,77543.0,2592.0,3325.0,49,DANIEL HERREROS,15141.0,152.20800018310547,77695.0,9,PROJECT EQTOX
201,18,1110,78312.0,2744.0,616.0,9,DANIELE ANTRONACO,14873.0,151.71299934387207,78464.0,9,PROJECT EQTOX
202,19,1179,83111.0,2896.0,4647.0,69,DANIELE ANTRONACO,19520.0,151.58300018310547,83263.0,9,PROJECT EQTOX
203,20,1186,83743.0,3047.0,480.0,7,FEDERICO SEGUNDO,14896.0,151.52000045776367,83895.0,9,PROJECT EQTOX
204,21,1195,84503.0,3199.0,608.0,9,FEDERICO SEGUNDO,15504.0,152.07899856567383,84655.0,9,PROJECT EQTOX
205,22,1206,85402.0,3351.0,747.0,11,FEDERICO SEGUNDO,16251.0,151.79700088500977,85554.0,9,PROJECT EQTOX
206,23,1220,86461.0,0.0,906.0,14,FEDERICO SEGUNDO,17158.0,0.0,0.0,9,PROJECT EQTOX
207,1,10,761.0,152.0,761.0,10,LORENZO UROSA,761.0,152.26399993896484,914.0,10,CREATIA RACING TEAM
208,2,104,7308.0,303.0,6394.0,94,LORENZO UROSA,7155.0,150.84600067138672,7459.0,10,CREATIA RACING TEAM
209,3,119,8481.0,454.0,1022.0,15,ALEX LOPEZ,1022.0,151.2450008392334,8632.0,10,CREATIA RACING TEAM
210,4,167,11905.0,605.0,3272.0,48,ALEX LOPEZ,4294.0,151.05699920654297,12056.0,10,CREATIA RACING TEAM
211,5,217,15442.0,756.0,3386.0,50,JONATHAN CRESPO,3386.0,151.03400039672852,15593.0,10,CREATIA RACING TEAM
212,6,243,17366.0,907.0,1773.0,26,JONATHAN CRESPO,5159.0,151.1259994506836,17518.0,10,CREATIA RACING TEAM
213,7,354,25018.0,1058.0,7500.0,111,JAVI GARRIDO,7500.0,151.16300010681152,25169.0,10,CREATIA RACING TEAM
214,8,455,32002.0,1209.0,6832.0,101,LORENZO UROSA,13988.0,151.11499977111816,32153.0,10,CREATIA RACING TEAM
215,9,510,35910.0,1360.0,3756.0,55,ALEX LOPEZ,8051.0,150.44300079345703,36060.0,10,CREATIA RACING TEAM
216,10,580,40810.0,1511.0,4749.0,70,ALEX LOPEZ,12801.0,151.35000038146973,40961.0,10,CREATIA RACING TEAM
217,11,684,47949.0,1662.0,6987.0,104,JONATHAN CRESPO,12147.0,151.04700088500977,48100.0,10,CREATIA RACING TEAM
218,12,787,55055.0,1814.0,6954.0,103,JAVI GARRIDO,14455.0,151.83699989318848,55206.0,10,CREATIA RACING TEAM
219,13,824,57734.0,1965.0,2527.0,37,LORENZO UROSA,16515.0,150.81999969482422,57884.0,10,CREATIA RACING TEAM
220,14,930,64956.0,2116.0,7072.0,106,JONATHAN CRESPO,19219.0,150.82200050354004,65107.0,10,CREATIA RACING TEAM
221,15,950,66472.0,2267.0,1364.0,20,LORENZO UROSA,17880.0,151.07200050354004,66623.0,10,CREATIA RACING TEAM
222,16,1012,70827.0,2418.0,4203.0,62,JAVI GARRIDO,18659.0,151.07600021362305,70978.0,10,CREATIA RACING TEAM
223,17,1055,73879.0,2569.0,2901.0,43,ALEX LOPEZ,15703.0,151.10000038146973,74030.0,10,CREATIA RACING TEAM
224,18,1074,75317.0,2720.0,1287.0,19,ALEX LOPEZ,16990.0,150.82900047302246,75468.0,10,CREATIA RACING TEAM
225,19,1163,81437.0,2871.0,5968.0,89,JONATHAN CRESPO,25187.0,151.63699913024902,81588.0,10,CREATIA RACING TEAM
226,20,1175,82400.0,3023.0,812.0,12,LORENZO UROSA,18692.0,151.52499961853027,82552.0,10,CREATIA RACING TEAM
227,21,1207,84716.0,3174.0,2164.0,32,ALEX LOPEZ,19154.0,151.17399978637695,84867.0,10,CREATIA RACING TEAM
228,22,1217,85540.0,3325.0,673.0,10,ALEX LOPEZ,19827.0,151.1280002593994,85691.0,10,CREATIA RACING TEAM
229,23,1229,86450.0,0.0,758.0,12,ALEX LOPEZ,20585.0,0.0,0.0,10,CREATIA RACING TEAM
230,1,103,7074.0,150.0,7074.0,103,ADRIAN GARCIA,7074.0,150.9640007019043,7225.0,11,CREATIA ENDURANCE TEAM
231,2,210,14477.0,302.0,7251.0,107,CRISTIAN BARTOLOME,7251.0,151.3090000152588,14628.0,11,CREATIA ENDURANCE TEAM
232,3,220,15314.0,453.0,685.0,10,DAVID OREJUELA,685.0,151.1550006866455,15465.0,11,CREATIA ENDURANCE TEAM
233,4,327,22725.0,604.0,7260.0,107,DAVID OREJUELA,7945.0,151.03899955749512,22876.0,11,CREATIA ENDURANCE TEAM
234,5,436,30255.0,755.0,7379.0,109,ADRIAN GARCIA,14453.0,151.19400024414062,30407.0,11,CREATIA ENDURANCE TEAM
235,6,449,31295.0,906.0,888.0,13,CRISTIAN BARTOLOME,8140.0,150.89599990844727,31446.0,11,CREATIA ENDURANCE TEAM
236,7,464,32471.0,1058.0,1025.0,15,CRISTIAN BARTOLOME,9165.0,151.4699993133545,32623.0,11,CREATIA ENDURANCE TEAM
237,8,567,39603.0,1209.0,6980.0,103,CRISTIAN BARTOLOME,16145.0,151.69000053405762,39755.0,11,CREATIA ENDURANCE TEAM
238,9,676,47090.0,1360.0,7335.0,109,DAVID OREJUELA,15280.0,150.9689998626709,47241.0,11,CREATIA ENDURANCE TEAM
239,10,701,48942.0,1511.0,1700.0,25,ADRIAN GARCIA,16154.0,151.04400062561035,49093.0,11,CREATIA ENDURANCE TEAM
240,11,818,56922.0,1663.0,7828.0,117,ADRIAN GARCIA,23983.0,151.28400039672852,57073.0,11,CREATIA ENDURANCE TEAM
241,12,919,63863.0,1814.0,6790.0,101,CRISTIAN BARTOLOME,22936.0,151.61899948120117,64015.0,11,CREATIA ENDURANCE TEAM
242,13,955,66445.0,1966.0,2429.0,36,DAVID OREJUELA,17710.0,151.4729995727539,66596.0,11,CREATIA ENDURANCE TEAM
243,14,1076,74701.0,2117.0,8104.0,121,DAVID OREJUELA,25815.0,151.128999710083,74852.0,11,CREATIA ENDURANCE TEAM
244,15,1149,79758.0,2268.0,4905.0,73,ADRIAN GARCIA,28889.0,150.7810001373291,79908.0,11,CREATIA ENDURANCE TEAM
245,16,1158,80514.0,2418.0,605.0,9,CRISTIAN BARTOLOME,23541.0,150.92300033569336,80665.0,11,CREATIA ENDURANCE TEAM
246,17,1167,81274.0,2569.0,609.0,9,CRISTIAN BARTOLOME,24151.0,150.73200035095215,81425.0,11,CREATIA ENDURANCE TEAM
247,18,1176,82032.0,2720.0,606.0,9,CRISTIAN BARTOLOME,24757.0,151.01099967956543,82183.0,11,CREATIA ENDURANCE TEAM
248,19,1185,82787.0,2871.0,604.0,9,CRISTIAN BARTOLOME,25362.0,151.01499938964844,82938.0,11,CREATIA ENDURANCE TEAM
249,20,1194,83547.0,3022.0,608.0,9,CRISTIAN BARTOLOME,25971.0,150.75600051879883,83698.0,11,CREATIA ENDURANCE TEAM
250,21,1209,84706.0,3173.0,1008.0,15,CRISTIAN BARTOLOME,26979.0,150.95199966430664,84857.0,11,CREATIA ENDURANCE TEAM
251,22,1219,85530.0,3324.0,672.0,10,CRISTIAN BARTOLOME,27652.0,151.04700088500977,85681.0,11,CREATIA ENDURANCE TEAM
252,23,1231,86447.0,0.0,765.0,12,CRISTIAN BARTOLOME,28418.0,0.0,0.0,11,CREATIA ENDURANCE TEAM
253,1,104,7113.0,150.0,7113.0,104,ROBERTO GARCIA,7113.0,150.69899940490723,7263.0,12,CREATIA DEPILSOFT
254,2,208,14309.0,301.0,7045.0,104,VALENTIN APARICIO,7045.0,150.75200080871582,14459.0,12,CREATIA DEPILSOFT
255,3,222,15420.0,452.0,961.0,14,RAUL,961.0,151.05299949645996,15571.0,12,CREATIA DEPILSOFT
256,4,329,22846.0,603.0,7274.0,107,RAUL,8235.0,151.3120002746582,22998.0,12,CREATIA DEPILSOFT
257,5,338,23616.0,754.0,618.0,9,RAYAN RUBIO,618.0,150.75900077819824,23767.0,12,CREATIA DEPILSOFT
258,6,446,31063.0,905.0,7295.0,108,RAYAN RUBIO,7914.0,151.21599960327148,31214.0,12,CREATIA DEPILSOFT
259,7,458,32033.0,1057.0,819.0,12,ROBERTO GARCIA,7932.0,151.35799980163574,32185.0,12,CREATIA DEPILSOFT
260,8,502,35196.0,1209.0,3011.0,44,ROBERTO GARCIA,10944.0,152.1240005493164,35348.0,12,CREATIA DEPILSOFT
261,9,511,35965.0,1360.0,616.0,9,VALENTIN APARICIO,7661.0,151.29199981689453,36116.0,12,CREATIA DEPILSOFT
262,10,521,36803.0,1512.0,687.0,10,VALENTIN APARICIO,8348.0,151.64399909973145,36955.0,12,CREATIA DEPILSOFT
263,11,622,43787.0,1663.0,6832.0,101,VALENTIN APARICIO,15181.0,151.38500022888184,43939.0,12,CREATIA DEPILSOFT
264,12,725,50889.0,1814.0,6950.0,103,RAUL,15186.0,151.11100006103516,51040.0,12,CREATIA DEPILSOFT
265,13,824,57722.0,1966.0,6681.0,99,RAYAN RUBIO,14595.0,151.45100021362305,57873.0,12,CREATIA DEPILSOFT
266,14,940,65647.0,2117.0,7773.0,116,ROBERTO GARCIA,18717.0,151.06999969482422,65798.0,12,CREATIA DEPILSOFT
267,15,951,66544.0,2269.0,746.0,11,VALENTIN APARICIO,15927.0,151.7770004272461,66696.0,12,CREATIA DEPILSOFT
268,16,1000,70010.0,2420.0,3313.0,49,VALENTIN APARICIO,19241.0,151.19300079345703,70161.0,12,CREATIA DEPILSOFT
269,17,1055,73898.0,2571.0,3736.0,55,RAUL,18923.0,150.99099922180176,74049.0,12,CREATIA DEPILSOFT
270,18,1167,81574.0,2722.0,7525.0,112,RAYAN RUBIO,22121.0,151.09199905395508,81725.0,12,CREATIA DEPILSOFT
271,19,1176,82337.0,2873.0,612.0,9,VALENTIN APARICIO,19853.0,151.32999992370605,82488.0,12,CREATIA DEPILSOFT
272,20,1197,83903.0,3024.0,1415.0,21,VALENTIN APARICIO,21268.0,150.86300086975098,84054.0,12,CREATIA DEPILSOFT
273,21,1206,84664.0,3176.0,609.0,9,VALENTIN APARICIO,21878.0,151.5620002746582,84815.0,12,CREATIA DEPILSOFT
274,22,1216,85496.0,3327.0,680.0,10,VALENTIN APARICIO,22558.0,151.39500045776367,85647.0,12,CREATIA DEPILSOFT
275,23,1229,86471.0,0.0,823.0,13,VALENTIN APARICIO,23382.0,0.0,0.0,12,CREATIA DEPILSOFT
276,1,111,7592.0,152.0,7592.0,111,CARLOS MARTIN,7592.0,152.1780014038086,7744.0,13,CKM FUOKO - BERYLO VIAJES
277,2,223,15397.0,304.0,7652.0,112,GONZALO PEREZ CALVO,7652.0,152.05599975585938,15549.0,13,CKM FUOKO - BERYLO VIAJES
278,3,337,23315.0,456.0,7766.0,114,VICTOR M DE LOS REYES,7766.0,152.48099899291992,23468.0,13,CKM FUOKO - BERYLO VIAJES
279,4,383,26630.0,608.0,3162.0,46,DIEGO PEREZ CALVO,3162.0,152.20899963378906,26782.0,13,CKM FUOKO - BERYLO VIAJES
280,5,488,33909.0,760.0,7126.0,105,DIEGO PEREZ CALVO,10288.0,151.8740005493164,34061.0,13,CKM FUOKO - BERYLO VIAJES
281,6,516,35966.0,911.0,1904.0,28,CARLOS MARTIN,9497.0,151.0939998626709,36117.0,13,CKM FUOKO - BERYLO VIAJES
282,7,571,39841.0,1063.0,3724.0,55,CARLOS MARTIN,13221.0,151.7150001525879,39993.0,13,CKM FUOKO - BERYLO VIAJES
283,8,616,43053.0,1216.0,3060.0,45,CARLOS MARTIN,16282.0,152.7490005493164,43206.0,13,CKM FUOKO - BERYLO VIAJES
284,9,648,45411.0,1368.0,2205.0,32,GONZALO PEREZ CALVO,9858.0,151.9699993133545,45563.0,13,CKM FUOKO - BERYLO VIAJES
285,10,732,51272.0,1520.0,5708.0,84,GONZALO PEREZ CALVO,15566.0,151.74399948120117,51423.0,13,CKM FUOKO - BERYLO VIAJES
286,11,744,52255.0,1671.0,831.0,12,VICTOR M DE LOS REYES,8597.0,151.6019992828369,52406.0,13,CKM FUOKO - BERYLO VIAJES
287,12,835,58602.0,1823.0,6195.0,91,VICTOR M DE LOS REYES,14793.0,152.04299926757812,58754.0,13,CKM FUOKO - BERYLO VIAJES
288,13,848,59645.0,1975.0,890.0,13,DIEGO PEREZ CALVO,11179.0,152.0870018005371,59797.0,13,CKM FUOKO - BERYLO VIAJES
289,14,889,62591.0,2127.0,2794.0,41,DIEGO PEREZ CALVO,13973.0,151.58099937438965,62742.0,13,CKM FUOKO - BERYLO VIAJES
290,15,946,66604.0,2278.0,3861.0,57,DIEGO PEREZ CALVO,17834.0,151.46599960327148,66755.0,13,CKM FUOKO - BERYLO VIAJES
291,16,1012,71188.0,2430.0,4432.0,66,CARLOS MARTIN,20715.0,152.04600143432617,71340.0,13,CKM FUOKO - BERYLO VIAJES
292,17,1030,72573.0,2582.0,1232.0,18,GONZALO PEREZ CALVO,16799.0,151.73800086975098,72725.0,13,CKM FUOKO - BERYLO VIAJES
293,18,1058,74621.0,2734.0,1896.0,28,GONZALO PEREZ CALVO,18695.0,151.82999992370605,74773.0,13,CKM FUOKO - BERYLO VIAJES
294,19,1068,75457.0,2886.0,684.0,10,VICTOR M DE LOS REYES,15477.0,151.93499946594238,75609.0,13,CKM FUOKO - BERYLO VIAJES
295,20,1117,78925.0,3038.0,3315.0,49,VICTOR M DE LOS REYES,18792.0,152.13700103759766,79077.0,13,CKM FUOKO - BERYLO VIAJES
296,21,1158,81856.0,3190.0,2779.0,41,DIEGO PEREZ CALVO,20614.0,151.7530002593994,82008.0,13,CKM FUOKO - BERYLO VIAJES
297,22,1187,83983.0,3341.0,1975.0,29,GONZALO PEREZ CALVO,20671.0,151.41699981689453,84135.0,13,CKM FUOKO - BERYLO VIAJES
298,23,1222,86443.0,0.0,2308.0,35,CARLOS MARTIN,23023.0,0.0,0.0,13,CKM FUOKO - BERYLO VIAJES
299,1,82,5680.0,152.0,5680.0,82,DIEGO APARICIO,5680.0,152.13299942016602,5832.0,14,CKM REFUGIO CANALLA-ROUTE
300,2,92,6530.0,304.0,698.0,10,MIRIAM GONZALO,698.0,152.15499877929688,6683.0,14,CKM REFUGIO CANALLA-ROUTE
301,3,116,8349.0,456.0,1666.0,24,MIRIAM GONZALO,2365.0,152.6790008544922,8502.0,14,CKM REFUGIO CANALLA-ROUTE
302,4,218,15504.0,609.0,7002.0,102,MIRIAM GONZALO,9367.0,152.1259994506836,15656.0,14,CKM REFUGIO CANALLA-ROUTE
303,5,324,22924.0,766.0,7267.0,106,PABLO SANCHEZ,7267.0,157.29600143432617,23081.0,14,CKM REFUGIO CANALLA-ROUTE
304,6,333,23735.0,918.0,654.0,9,MANUEL SORIANO,654.0,152.46099853515625,23887.0,14,CKM REFUGIO CANALLA-ROUTE
305,7,432,30777.0,1071.0,6889.0,99,MANUEL SORIANO,7543.0,152.6969985961914,30930.0,14,CKM REFUGIO CANALLA-ROUTE
306,8,548,38837.0,1223.0,7907.0,116,DIEGO APARICIO,13587.0,152.1870002746582,38989.0,14,CKM REFUGIO CANALLA-ROUTE
307,9,647,45783.0,1375.0,6793.0,99,MIRIAM GONZALO,16161.0,152.15800094604492,45935.0,14,CKM REFUGIO CANALLA-ROUTE
308,10,743,52507.0,1528.0,6571.0,96,PABLO SANCHEZ,13838.0,152.68500137329102,52659.0,14,CKM REFUGIO CANALLA-ROUTE
309,11,834,58922.0,1680.0,6263.0,91,MANUEL SORIANO,13806.0,152.36800003051758,59075.0,14,CKM REFUGIO CANALLA-ROUTE
310,12,843,59695.0,1832.0,620.0,9,DIEGO APARICIO,14207.0,151.9020004272461,59847.0,14,CKM REFUGIO CANALLA-ROUTE
311,13,922,65227.0,1984.0,5380.0,79,DIEGO APARICIO,19587.0,152.09099960327148,65379.0,14,CKM REFUGIO CANALLA-ROUTE
312,14,957,67785.0,2137.0,2406.0,35,MIRIAM GONZALO,18567.0,152.2750015258789,67938.0,14,CKM REFUGIO CANALLA-ROUTE
313,15,1009,71499.0,2289.0,3561.0,52,PABLO SANCHEZ,17400.0,152.5540008544922,71652.0,14,CKM REFUGIO CANALLA-ROUTE
314,16,1045,74127.0,2443.0,2475.0,36,MANUEL SORIANO,16281.0,153.45399856567383,74280.0,14,CKM REFUGIO CANALLA-ROUTE
315,17,1067,75784.0,2595.0,1503.0,22,DIEGO APARICIO,21091.0,152.38299942016602,75936.0,14,CKM REFUGIO CANALLA-ROUTE
316,18,1088,77375.0,2748.0,1439.0,21,MIRIAM GONZALO,20006.0,153.1699981689453,77528.0,14,CKM REFUGIO CANALLA-ROUTE
317,19,1119,79636.0,2901.0,2107.0,31,PABLO SANCHEZ,19508.0,152.8110008239746,79789.0,14,CKM REFUGIO CANALLA-ROUTE
318,20,1134,80829.0,3054.0,1040.0,15,MANUEL SORIANO,17322.0,152.73400115966797,80982.0,14,CKM REFUGIO CANALLA-ROUTE
319,21,1144,81665.0,3206.0,683.0,10,MANUEL SORIANO,18005.0,152.64699935913086,81818.0,14,CKM REFUGIO CANALLA-ROUTE
320,22,1158,82786.0,3360.0,967.0,14,MANUEL SORIANO,18973.0,153.53200149536133,82939.0,14,CKM REFUGIO CANALLA-ROUTE
321,23,1210,86429.0,0.0,3490.0,52,PABLO SANCHEZ,22998.0,0.0,0.0,14,CKM REFUGIO CANALLA-ROUTE
322,1,68,4754.0,151.0,4754.0,68,LUIS GALLARDO,4754.0,151.65399932861328,4905.0,15,CKM GC RACING - TALLERES ROKY
323,2,158,11114.0,303.0,6209.0,90,ALVARO GIL,6209.0,152.25500106811523,11267.0,15,CKM GC RACING - TALLERES ROKY
324,3,177,12609.0,455.0,1342.0,19,ALBERTO SAZ,1342.0,151.63500022888184,12761.0,15,CKM GC RACING - TALLERES ROKY
325,4,215,15428.0,607.0,2667.0,38,ALBERTO SAZ,4009.0,151.98399925231934,15580.0,15,CKM GC RACING - TALLERES ROKY
326,5,289,20731.0,758.0,5151.0,74,RUBEN DIEZ,5151.0,151.15099906921387,20882.0,15,CKM GC RACING - TALLERES ROKY
327,6,383,27392.0,910.0,6509.0,94,JUAN MANUEL ESCALERA,6509.0,151.95700073242188,27544.0,15,CKM GC RACING - TALLERES ROKY
328,7,495,35204.0,1062.0,7660.0,112,ALVARO GIL,13869.0,152.06000137329102,35356.0,15,CKM GC RACING - TALLERES ROKY
329,8,573,40754.0,1214.0,5397.0,78,ALBERTO SAZ,9407.0,151.6599998474121,40905.0,15,CKM GC RACING - TALLERES ROKY
330,9,650,46197.0,1366.0,5291.0,77,LUIS GALLARDO,10045.0,151.88199996948242,46349.0,15,CKM GC RACING - TALLERES ROKY
331,10,677,48252.0,1518.0,1903.0,27,RUBEN DIEZ,7054.0,152.61199951171875,48405.0,15,CKM GC RACING - TALLERES ROKY
332,11,731,52203.0,1670.0,3798.0,54,RUBEN DIEZ,10852.0,151.64699935913086,52354.0,15,CKM GC RACING - TALLERES ROKY
333,12,823,58667.0,1822.0,6312.0,92,JUAN MANUEL ESCALERA,12822.0,151.6840000152588,58819.0,15,CKM GC RACING - TALLERES ROKY
334,13,867,61853.0,1973.0,3034.0,44,ALVARO GIL,16903.0,151.42700004577637,62005.0,15,CKM GC RACING - TALLERES ROKY
335,14,913,65205.0,2125.0,3200.0,46,ALBERTO SAZ,12607.0,151.47800064086914,65357.0,15,CKM GC RACING - TALLERES ROKY
336,15,925,66185.0,2276.0,828.0,12,LUIS GALLARDO,10874.0,151.26300048828125,66336.0,15,CKM GC RACING - TALLERES ROKY
337,16,1018,72677.0,2428.0,6341.0,93,LUIS GALLARDO,17215.0,151.7779998779297,72829.0,15,CKM GC RACING - TALLERES ROKY
338,17,1057,75537.0,2579.0,2708.0,39,RUBEN DIEZ,13560.0,151.60499954223633,75689.0,15,CKM GC RACING - TALLERES ROKY
339,18,1081,77336.0,2730.0,1647.0,24,RUBEN DIEZ,15207.0,150.871000289917,77487.0,15,CKM GC RACING - TALLERES ROKY
340,19,1118,80061.0,2882.0,2573.0,37,ALBERTO SAZ,15180.0,151.51300048828125,80212.0,15,CKM GC RACING - TALLERES ROKY
341,20,1153,82614.0,3034.0,2402.0,35,JUAN MANUEL ESCALERA,15224.0,152.12200164794922,82766.0,15,CKM GC RACING - TALLERES ROKY
342,21,1170,83938.0,3185.0,1171.0,17,ALVARO GIL,18075.0,151.21299934387207,84089.0,15,CKM GC RACING - TALLERES ROKY
343,22,1187,85261.0,3336.0,1171.0,17,JUAN MANUEL ESCALERA,16396.0,151.35300064086914,85413.0,15,CKM GC RACING - TALLERES ROKY
344,23,1203,86465.0,0.0,1052.0,16,LUIS GALLARDO,18268.0,0.0,0.0,15,CKM GC RACING - TALLERES ROKY
345,1,82,5681.0,151.0,5681.0,82,CRISTIAN LOPEZ,5681.0,151.85300064086914,5832.0,16,FRACING ENDURANCE
346,2,154,10798.0,304.0,4965.0,72,ABEL HERRANZ,4965.0,152.2150001525879,10951.0,16,FRACING ENDURANCE
347,3,167,11847.0,456.0,896.0,13,ABEL HERRANZ,5862.0,152.04399871826172,11999.0,16,FRACING ENDURANCE
348,4,246,17437.0,607.0,5438.0,79,DANIEL DIAZ,5438.0,151.8209991455078,17589.0,16,FRACING ENDURANCE
349,5,260,18551.0,759.0,961.0,14,DANIEL DIAZ,6400.0,152.0279998779297,18703.0,16,FRACING ENDURANCE
350,6,277,19888.0,911.0,1185.0,17,CARLOS LANGREO,1185.0,151.88999938964844,20040.0,16,FRACING ENDURANCE
351,7,338,24284.0,1065.0,4243.0,61,CARLOS LANGREO,5429.0,153.5349998474121,24437.0,16,FRACING ENDURANCE
352,8,437,31326.0,1219.0,6889.0,99,JOSE LUIS RAMAL,6889.0,154.51300048828125,31481.0,16,FRACING ENDURANCE
353,9,540,38560.0,1373.0,7078.0,103,ANGEL GAJINO,7078.0,153.30799865722656,38713.0,16,FRACING ENDURANCE
354,10,640,45600.0,1525.0,6886.0,100,CRISTIAN LOPEZ,12567.0,151.85099983215332,45752.0,16,FRACING ENDURANCE
355,11,752,53412.0,1677.0,7659.0,112,CARLOS LANGREO,13088.0,152.48099899291992,53564.0,16,FRACING ENDURANCE
356,12,774,55088.0,1829.0,1523.0,22,ABEL HERRANZ,7385.0,152.23300170898438,55240.0,16,FRACING ENDURANCE
357,13,827,58906.0,1983.0,3665.0,53,ABEL HERRANZ,11051.0,154.11399841308594,59060.0,16,FRACING ENDURANCE
358,14,935,66418.0,2135.0,7357.0,108,DANIEL DIAZ,13757.0,151.74200057983398,66570.0,16,FRACING ENDURANCE
359,15,1041,73802.0,2288.0,7232.0,106,JOSE LUIS RAMAL,14122.0,153.12200164794922,73956.0,16,FRACING ENDURANCE
360,16,1051,74654.0,2440.0,698.0,10,ABEL HERRANZ,11749.0,152.14699935913086,74806.0,16,FRACING ENDURANCE
361,17,1090,77477.0,2593.0,2671.0,39,ANGEL GAJINO,9750.0,152.1160011291504,77629.0,16,FRACING ENDURANCE
362,18,1139,80973.0,2745.0,3344.0,49,ANGEL GAJINO,13094.0,152.03200149536133,81125.0,16,FRACING ENDURANCE
363,19,1148,81740.0,2897.0,615.0,9,CARLOS LANGREO,13704.0,151.95999908447266,81892.0,16,FRACING ENDURANCE
364,20,1158,82587.0,3048.0,694.0,10,CARLOS LANGREO,14398.0,151.65099906921387,82738.0,16,FRACING ENDURANCE
365,21,1167,83365.0,3199.0,626.0,9,CARLOS LANGREO,15024.0,151.14599990844727,83516.0,16,FRACING ENDURANCE
366,22,1195,85444.0,3350.0,1928.0,28,CARLOS LANGREO,16953.0,150.79400062561035,85595.0,16,FRACING ENDURANCE
367,23,1207,86442.0,0.0,847.0,12,CARLOS LANGREO,17800.0,0.0,0.0,16,FRACING ENDURANCE
368,1,104,7089.0,151.0,7089.0,104,MIGUEL ANGEL GIL,7089.0,151.77599906921387,7241.0,17,PINK ARIZA CIRCUIT FRACING
369,2,126,8743.0,302.0,1501.0,22,JUAN TORIBIO,1501.0,150.9029998779297,8893.0,17,PINK ARIZA CIRCUIT FRACING
370,3,222,15414.0,456.0,6520.0,96,JUAN TORIBIO,8021.0,153.39099884033203,15567.0,17,PINK ARIZA CIRCUIT FRACING
371,4,273,19050.0,607.0,3482.0,51,JORGE GARCIA,3482.0,151.25699996948242,19201.0,17,PINK ARIZA CIRCUIT FRACING
372,5,388,26986.0,758.0,7785.0,115,JORGE GARCIA,11267.0,150.81500053405762,27137.0,17,PINK ARIZA CIRCUIT FRACING
373,6,398,27822.0,908.0,684.0,10,MIGUEL ANGEL GIL,7774.0,150.76499938964844,27972.0,17,PINK ARIZA CIRCUIT FRACING
374,7,443,31027.0,1059.0,3054.0,45,MIGUEL ANGEL GIL,10829.0,150.89299964904785,31178.0,17,PINK ARIZA CIRCUIT FRACING
375,8,556,38806.0,1211.0,7627.0,113,FERNANDO ZAMIT,7627.0,151.40800094604492,38957.0,17,PINK ARIZA CIRCUIT FRACING
376,9,568,39780.0,1362.0,822.0,12,FERNANDO ZAMIT,8450.0,151.14500045776367,39931.0,17,PINK ARIZA CIRCUIT FRACING
377,10,580,40755.0,1513.0,823.0,12,FERNANDO ZAMIT,9273.0,151.42399978637695,40906.0,17,PINK ARIZA CIRCUIT FRACING
378,11,646,45403.0,1666.0,4497.0,66,FERNANDO ZAMIT,13770.0,153.14500045776367,45556.0,17,PINK ARIZA CIRCUIT FRACING
379,12,679,47809.0,1818.0,2252.0,33,JUAN TORIBIO,10274.0,151.66500091552734,47961.0,17,PINK ARIZA CIRCUIT FRACING
380,13,752,52905.0,1969.0,4944.0,73,JUAN TORIBIO,15218.0,151.17300033569336,53056.0,17,PINK ARIZA CIRCUIT FRACING
381,14,764,53875.0,2121.0,818.0,12,MIGUEL ANGEL GIL,11647.0,151.5890007019043,54026.0,17,PINK ARIZA CIRCUIT FRACING
382,15,872,61316.0,2272.0,7290.0,108,MIGUEL ANGEL GIL,18937.0,150.9409999847412,61467.0,17,PINK ARIZA CIRCUIT FRACING
383,16,922,64876.0,2423.0,3409.0,50,JUAN TORIBIO,18628.0,151.0709991455078,65027.0,17,PINK ARIZA CIRCUIT FRACING
384,17,1039,72909.0,2574.0,7881.0,117,JORGE GARCIA,19149.0,151.27199935913086,73060.0,17,PINK ARIZA CIRCUIT FRACING
385,18,1070,75169.0,2725.0,2108.0,31,FERNANDO ZAMIT,15879.0,151.33600044250488,75320.0,17,PINK ARIZA CIRCUIT FRACING
386,19,1184,82988.0,2877.0,7667.0,114,FERNANDO ZAMIT,23547.0,151.18000030517578,83140.0,17,PINK ARIZA CIRCUIT FRACING
387,20,1193,83754.0,3028.0,614.0,9,FERNANDO ZAMIT,24161.0,151.5629997253418,83905.0,17,PINK ARIZA CIRCUIT FRACING
388,21,1202,84514.0,3179.0,609.0,9,JORGE GARCIA,19758.0,150.996000289917,84665.0,17,PINK ARIZA CIRCUIT FRACING
389,22,1211,85275.0,3330.0,609.0,9,JORGE GARCIA,20368.0,150.90800094604492,85426.0,17,PINK ARIZA CIRCUIT FRACING
390,23,1226,86428.0,0.0,1002.0,15,JORGE GARCIA,21370.0,0.0,0.0,17,PINK ARIZA CIRCUIT FRACING
391,1,10,766.0,154.0,766.0,10,MAURICE ZCERNICOW,766.0,154.02999877929688,920.0,18,AIRBUS HAMBURG
392,2,104,7308.0,305.0,6387.0,94,MAURICE ZCERNICOW,7154.0,151.92200088500977,7460.0,18,AIRBUS HAMBURG
393,3,189,13277.0,458.0,5817.0,85,DENNIS MANNS,5817.0,152.54999923706055,13430.0,18,AIRBUS HAMBURG
394,4,259,18274.0,610.0,4844.0,70,JANIS WULFF,4844.0,151.81800079345703,18426.0,18,AIRBUS HAMBURG
395,5,327,23300.0,761.0,4874.0,68,JOHN KÖLLN,4874.0,151.22100067138672,23451.0,18,AIRBUS HAMBURG
396,6,405,28922.0,912.0,5470.0,78,THOMAS RODERHOFF,5470.0,151.23100090026855,29073.0,18,AIRBUS HAMBURG
397,7,415,29761.0,1064.0,688.0,10,MAURICE ZCERNICOW,7843.0,151.44400024414062,29913.0,18,AIRBUS HAMBURG
398,8,431,31013.0,1215.0,1100.0,16,MAURICE ZCERNICOW,8943.0,150.92799949645996,31164.0,18,AIRBUS HAMBURG
399,9,535,38250.0,1366.0,7086.0,104,DENNIS MANNS,12903.0,151.42700004577637,38402.0,18,AIRBUS HAMBURG
400,10,605,43451.0,1518.0,5049.0,70,JOHN KÖLLN,9923.0,151.54000091552734,43603.0,18,AIRBUS HAMBURG
401,11,624,44939.0,1668.0,1335.0,19,THOMAS RODERHOFF,6806.0,150.80999946594238,45089.0,18,AIRBUS HAMBURG
402,12,645,46580.0,1819.0,1490.0,21,THOMAS RODERHOFF,8296.0,150.61599922180176,46731.0,18,AIRBUS HAMBURG
403,13,719,52050.0,1970.0,5318.0,74,JOHN KÖLLN,15242.0,150.90800094604492,52201.0,18,AIRBUS HAMBURG
404,14,802,57854.0,2121.0,5653.0,83,JANIS WULFF,10497.0,151.4720001220703,58005.0,18,AIRBUS HAMBURG
405,15,821,59309.0,2272.0,1304.0,19,MAURICE ZCERNICOW,10247.0,151.0629997253418,59461.0,18,AIRBUS HAMBURG
406,16,902,64923.0,2423.0,5462.0,81,MAURICE ZCERNICOW,15710.0,150.2180004119873,65073.0,18,AIRBUS HAMBURG
407,17,986,70772.0,2574.0,5698.0,84,DENNIS MANNS,18601.0,150.91600036621094,70923.0,18,AIRBUS HAMBURG
408,18,1062,76064.0,2725.0,5141.0,76,JANIS WULFF,15638.0,151.3759994506836,76215.0,18,AIRBUS HAMBURG
409,19,1080,77502.0,2876.0,1286.0,18,JOHN KÖLLN,16529.0,151.0890007019043,77653.0,18,AIRBUS HAMBURG
410,20,1090,78342.0,3027.0,688.0,10,MAURICE ZCERNICOW,16398.0,150.9720001220703,78493.0,18,AIRBUS HAMBURG
411,21,1117,80344.0,3178.0,1851.0,27,MAURICE ZCERNICOW,18250.0,150.48100090026855,80495.0,18,AIRBUS HAMBURG
412,22,1162,83579.0,3328.0,3084.0,45,JANIS WULFF,18723.0,150.6560001373291,83730.0,18,AIRBUS HAMBURG
413,23,1202,86420.0,0.0,2689.0,40,DENNIS MANNS,21291.0,0.0,0.0,18,AIRBUS HAMBURG
414,1,26,1885.0,154.0,1885.0,26,CESAR FLORES,1885.0,154.5099983215332,2039.0,19,ALL KARTING
415,2,76,5568.0,308.0,3529.0,50,JAVIER CEREZO,3529.0,153.53900146484375,5722.0,19,ALL KARTING
416,3,92,6834.0,461.0,1112.0,16,CARLOS CABALLERO,1112.0,153.0900001525879,6987.0,19,ALL KARTING
417,4,172,12488.0,613.0,5500.0,80,CARLOS CABALLERO,6613.0,152.45399856567383,12641.0,19,ALL KARTING
418,5,268,19227.0,766.0,6586.0,96,FERNANDO NUÑEZ,6586.0,153.12799835205078,19380.0,19,ALL KARTING
419,6,291,20971.0,919.0,1591.0,23,ROBERTO CARLOS HERNANDEZ,0.0,152.67300033569336,21124.0,19,ALL KARTING
420,7,396,28329.0,1071.0,7205.0,105,ROBERTO CARLOS HERNANDEZ,0.0,151.67600059509277,28481.0,19,ALL KARTING
421,8,502,35739.0,1222.0,7258.0,106,CESAR FLORES,9143.0,151.23500061035156,35891.0,19,ALL KARTING
422,9,554,39580.0,1375.0,3689.0,52,JAVIER CEREZO,7218.0,152.75799942016602,39733.0,19,ALL KARTING
423,10,614,43940.0,1527.0,4206.0,60,JAVIER CEREZO,11425.0,152.38899993896484,44092.0,19,ALL KARTING
424,11,726,51725.0,1680.0,7632.0,112,CARLOS CABALLERO,14245.0,152.67399978637695,51877.0,19,ALL KARTING
425,12,744,53124.0,1832.0,1246.0,18,FERNANDO NUÑEZ,7833.0,152.0279998779297,53276.0,19,ALL KARTING
426,13,843,60029.0,1984.0,6752.0,99,FERNANDO NUÑEZ,14585.0,151.91600036621094,60181.0,19,ALL KARTING
427,14,865,61694.0,2136.0,1513.0,22,CESAR FLORES,10657.0,151.9990005493164,61846.0,19,ALL KARTING
428,15,891,63645.0,2288.0,1798.0,26,CESAR FLORES,12456.0,152.14400100708008,63797.0,19,ALL KARTING
429,16,932,66616.0,2440.0,2819.0,41,FERNANDO NUÑEZ,17404.0,152.0870018005371,66768.0,19,ALL KARTING
430,17,1062,75579.0,2591.0,8810.0,130,ROBERTO CARLOS HERNANDEZ,0.0,151.57799911499023,75731.0,19,ALL KARTING
431,18,1075,76651.0,2743.0,920.0,13,JAVIER CEREZO,12345.0,151.3120002746582,76802.0,19,ALL KARTING
432,19,1095,78217.0,2895.0,1415.0,20,JAVIER CEREZO,13760.0,152.38999938964844,78370.0,19,ALL KARTING
433,20,1132,80883.0,3047.0,2513.0,37,CARLOS CABALLERO,16758.0,152.41899871826172,81036.0,19,ALL KARTING
434,21,1139,81522.0,3200.0,486.0,7,CARLOS CABALLERO,17245.0,152.4379997253418,81674.0,19,ALL KARTING
435,22,1175,84139.0,3353.0,2464.0,36,CESAR FLORES,14921.0,152.8209991455078,84292.0,19,ALL KARTING
436,23,1207,86432.0,0.0,2140.0,32,CESAR FLORES,17061.0,0.0,0.0,19,ALL KARTING
437,1,96,6640.0,153.0,6640.0,96,RAMSES DIAZ,6640.0,153.25799942016602,6793.0,20,GO KART CAFETERIA SAN BERNARDO
438,2,181,12625.0,305.0,5831.0,85,WILFREDO MACHIN,5831.0,151.99799919128418,12777.0,20,GO KART CAFETERIA SAN BERNARDO
439,3,192,13543.0,456.0,765.0,11,RICARDO HERNANDEZ,765.0,151.23999977111816,13694.0,20,GO KART CAFETERIA SAN BERNARDO
440,4,250,17753.0,607.0,4058.0,58,RICARDO HERNANDEZ,4824.0,151.4969997406006,17904.0,20,GO KART CAFETERIA SAN BERNARDO
441,5,339,24002.0,759.0,6097.0,89,JANAI JESUS MORALES,6097.0,151.70700073242188,24154.0,20,GO KART CAFETERIA SAN BERNARDO
442,6,393,27957.0,912.0,3803.0,54,DANIEL GIL,3803.0,152.71799850463867,28109.0,20,GO KART CAFETERIA SAN BERNARDO
443,7,471,33468.0,1063.0,5358.0,78,JOSE ALEJANDRO ARMAS,5358.0,151.10600090026855,33619.0,20,GO KART CAFETERIA SAN BERNARDO
444,8,586,41463.0,1214.0,7843.0,115,WILFREDO MACHIN,13674.0,151.42799949645996,41614.0,20,GO KART CAFETERIA SAN BERNARDO
445,9,618,43820.0,1366.0,2205.0,32,JOSE IVAN BAEZ,2205.0,151.55500030517578,43971.0,20,GO KART CAFETERIA SAN BERNARDO
446,10,727,51433.0,1517.0,7462.0,109,JOSE IVAN BAEZ,9667.0,150.8430004119873,51584.0,20,GO KART CAFETERIA SAN BERNARDO
447,11,769,54520.0,1668.0,2935.0,42,RICARDO HERNANDEZ,7760.0,151.04700088500977,54671.0,20,GO KART CAFETERIA SAN BERNARDO
448,12,804,57076.0,1819.0,2404.0,35,JOSE IVAN BAEZ,12072.0,151.10000038146973,57227.0,20,GO KART CAFETERIA SAN BERNARDO
449,13,897,63592.0,1970.0,6365.0,93,JANAI JESUS MORALES,12462.0,151.08799934387207,63743.0,20,GO KART CAFETERIA SAN BERNARDO
450,14,978,69271.0,2121.0,5528.0,81,RAMSES DIAZ,12168.0,150.98699951171875,69422.0,20,GO KART CAFETERIA SAN BERNARDO
451,15,1036,73405.0,2272.0,3982.0,58,JOSE ALEJANDRO ARMAS,9341.0,151.39599990844727,73557.0,20,GO KART CAFETERIA SAN BERNARDO
452,16,1065,75525.0,2425.0,1968.0,29,JANAI JESUS MORALES,14431.0,152.18299865722656,75678.0,20,GO KART CAFETERIA SAN BERNARDO
453,17,1096,77811.0,2577.0,2132.0,31,RICARDO HERNANDEZ,9893.0,151.85300064086914,77962.0,20,GO KART CAFETERIA SAN BERNARDO
454,18,1109,78860.0,2728.0,897.0,13,RICARDO HERNANDEZ,10791.0,151.73399925231934,79012.0,20,GO KART CAFETERIA SAN BERNARDO
455,19,1132,80589.0,2880.0,1576.0,23,RICARDO HERNANDEZ,12367.0,152.10400009155273,80741.0,20,GO KART CAFETERIA SAN BERNARDO
456,20,1165,83008.0,3031.0,2266.0,33,JOSE ALEJANDRO ARMAS,11608.0,151.02499961853027,83159.0,20,GO KART CAFETERIA SAN BERNARDO
457,21,1175,83851.0,3183.0,692.0,10,JOSE ALEJANDRO ARMAS,12301.0,151.82799911499023,84003.0,20,GO KART CAFETERIA SAN BERNARDO
458,22,1193,85239.0,3336.0,1236.0,18,RAMSES DIAZ,13404.0,152.5250015258789,85392.0,20,GO KART CAFETERIA SAN BERNARDO
459,23,1209,86432.0,0.0,1040.0,16,RAMSES DIAZ,14445.0,0.0,0.0,20,GO KART CAFETERIA SAN BERNARDO
460,1,55,3814.0,151.0,3814.0,55,NESTOR GARCIA VALLE,3814.0,151.7199993133545,3965.0,21,VIRTUAL RACERS TEAM
461,2,107,7561.0,303.0,3595.0,52,ALEJANDRO CAMARASA,3595.0,151.6919994354248,7712.0,21,VIRTUAL RACERS TEAM
462,3,161,11414.0,454.0,3701.0,54,OSCAR  RUIZ,3701.0,151.35600090026855,11565.0,21,VIRTUAL RACERS TEAM
463,4,224,15917.0,606.0,4352.0,63,ADRIAN KWIETNIEWSKI,4352.0,151.84900093078613,16069.0,21,VIRTUAL RACERS TEAM
464,5,277,19743.0,758.0,3673.0,53,NESTOR GARCIA BRAVO,3673.0,151.80200004577637,19895.0,21,VIRTUAL RACERS TEAM
465,6,321,22897.0,910.0,3002.0,44,NESTOR GARCIA VALLE,6816.0,151.70199966430664,23049.0,21,VIRTUAL RACERS TEAM
466,7,386,27531.0,1062.0,4481.0,65,ALEJANDRO CAMARASA,8077.0,152.13100051879883,27683.0,21,VIRTUAL RACERS TEAM
467,8,449,31974.0,1213.0,4291.0,63,OSCAR  RUIZ,7992.0,151.5930004119873,32126.0,21,VIRTUAL RACERS TEAM
468,9,503,35883.0,1365.0,3757.0,54,ADRIAN KWIETNIEWSKI,8109.0,151.83300018310547,36035.0,21,VIRTUAL RACERS TEAM
469,10,556,39712.0,1516.0,3676.0,53,NESTOR GARCIA BRAVO,7350.0,151.26099967956543,39863.0,21,VIRTUAL RACERS TEAM
470,11,637,45364.0,1668.0,5500.0,81,KRISTIAN KWIETNIEWSKI,5500.0,151.80500030517578,45516.0,21,VIRTUAL RACERS TEAM
471,12,650,46404.0,1819.0,887.0,13,NESTOR GARCIA VALLE,7704.0,151.11499977111816,46555.0,21,VIRTUAL RACERS TEAM
472,13,738,52515.0,1970.0,5960.0,88,NESTOR GARCIA VALLE,13664.0,150.82200050354004,52666.0,21,VIRTUAL RACERS TEAM
473,14,820,58215.0,2121.0,5548.0,82,KRISTIAN KWIETNIEWSKI,11049.0,151.11000061035156,58366.0,21,VIRTUAL RACERS TEAM
474,15,882,62654.0,2272.0,4287.0,62,ADRIAN KWIETNIEWSKI,12397.0,150.35400009155273,62804.0,21,VIRTUAL RACERS TEAM
475,16,911,64810.0,2423.0,2005.0,29,ALEJANDRO CAMARASA,10083.0,151.48900032043457,64961.0,21,VIRTUAL RACERS TEAM
476,17,952,67750.0,2574.0,2789.0,41,OSCAR  RUIZ,10781.0,150.64699935913086,67901.0,21,VIRTUAL RACERS TEAM
477,18,1019,72530.0,2724.0,4629.0,67,NESTOR GARCIA BRAVO,11979.0,150.5359992980957,72681.0,21,VIRTUAL RACERS TEAM
478,19,1036,73848.0,2875.0,1167.0,17,ADRIAN KWIETNIEWSKI,13564.0,150.47100067138672,73998.0,21,VIRTUAL RACERS TEAM
479,20,1104,78595.0,3026.0,4597.0,68,ALEJANDRO CAMARASA,14680.0,151.52899932861328,78747.0,21,VIRTUAL RACERS TEAM
480,21,1121,79919.0,3177.0,1172.0,17,NESTOR GARCIA BRAVO,13152.0,151.0939998626709,80071.0,21,VIRTUAL RACERS TEAM
481,22,1182,84195.0,3329.0,4124.0,61,KRISTIAN KWIETNIEWSKI,15173.0,151.55200004577637,84346.0,21,VIRTUAL RACERS TEAM
482,23,1213,86407.0,0.0,2060.0,31,OSCAR  RUIZ,12842.0,0.0,0.0,21,VIRTUAL RACERS TEAM
483,1,44,3070.0,152.0,3070.0,44,EDU CARBALLO,3070.0,152.7120018005371,3222.0,22,BLACK RACING STAR
484,2,111,7796.0,304.0,4573.0,67,FRANCISCO CLEMENTE,4573.0,151.79100036621094,7948.0,22,BLACK RACING STAR
485,3,215,14984.0,457.0,7035.0,104,JAVIER MARTINEZ,7035.0,152.9010009765625,15137.0,22,BLACK RACING STAR
486,4,229,16103.0,610.0,966.0,14,EDU CARBALLO,4036.0,152.76100158691406,16256.0,22,BLACK RACING STAR
487,5,335,23503.0,761.0,7246.0,106,EDU CARBALLO,11283.0,151.58600044250488,23654.0,22,BLACK RACING STAR
488,6,440,30778.0,914.0,7123.0,105,FRANCISCO CLEMENTE,11697.0,152.79800033569336,30931.0,22,BLACK RACING STAR
489,7,452,31752.0,1066.0,821.0,12,JAVIER MARTINEZ,7857.0,152.37099838256836,31904.0,22,BLACK RACING STAR
490,8,562,39333.0,1218.0,7428.0,110,JAVIER MARTINEZ,15286.0,151.5620002746582,39485.0,22,BLACK RACING STAR
491,9,672,46957.0,1370.0,7471.0,110,EDU CARBALLO,18754.0,151.7779998779297,47108.0,22,BLACK RACING STAR
492,10,681,47729.0,1522.0,620.0,9,FRANCISCO CLEMENTE,12318.0,151.79599952697754,47881.0,22,BLACK RACING STAR
493,11,690,48501.0,1673.0,619.0,9,FRANCISCO CLEMENTE,12938.0,151.50600051879883,48652.0,22,BLACK RACING STAR
494,12,704,49606.0,1825.0,953.0,14,FRANCISCO CLEMENTE,13891.0,151.84900093078613,49758.0,22,BLACK RACING STAR
495,13,720,50857.0,1976.0,1098.0,16,FRANCISCO CLEMENTE,14990.0,151.4360008239746,51008.0,22,BLACK RACING STAR
496,14,823,57963.0,2128.0,6954.0,103,FRANCISCO CLEMENTE,21945.0,152.1259994506836,58115.0,22,BLACK RACING STAR
497,15,839,59200.0,2281.0,1084.0,16,JAVIER MARTINEZ,16370.0,152.1699981689453,59352.0,22,BLACK RACING STAR
498,16,884,62407.0,2431.0,3054.0,45,JAVIER MARTINEZ,19425.0,150.72800064086914,62557.0,22,BLACK RACING STAR
499,17,994,69979.0,2583.0,7421.0,110,EDU CARBALLO,26176.0,151.6840000152588,70130.0,22,BLACK RACING STAR
500,18,1007,71016.0,2734.0,885.0,13,FRANCISCO CLEMENTE,22831.0,151.04199981689453,71167.0,22,BLACK RACING STAR
501,19,1066,75170.0,2886.0,4002.0,59,FRANCISCO CLEMENTE,26833.0,151.72800064086914,75321.0,22,BLACK RACING STAR
502,20,1094,77216.0,3038.0,1894.0,28,JAVIER MARTINEZ,21320.0,151.80299949645996,77368.0,22,BLACK RACING STAR
503,21,1104,78052.0,3188.0,683.0,10,JAVIER MARTINEZ,22004.0,150.86800003051758,78203.0,22,BLACK RACING STAR
504,22,1186,83748.0,3344.0,5545.0,82,JAVIER MARTINEZ,27549.0,155.3849983215332,83904.0,22,BLACK RACING STAR
505,23,1224,86451.0,0.0,2547.0,38,FRANCISCO CLEMENTE,29380.0,0.0,0.0,22,BLACK RACING STAR
506,1,106,7286.0,152.0,7286.0,106,SERGIO BALLESTEROS,7286.0,152.1349983215332,7438.0,23,SPARTAN RT
507,2,158,11020.0,305.0,3581.0,52,OSCAR ESCOBAR,3581.0,152.89899826049805,11173.0,23,SPARTAN RT
508,3,231,16278.0,457.0,5105.0,73,PABLO DEL CAMPO,5105.0,152.45700073242188,16431.0,23,SPARTAN RT
509,4,312,22003.0,609.0,5572.0,81,JUAN ESCOBAR,5572.0,151.6790008544922,22155.0,23,SPARTAN RT
510,5,403,28473.0,761.0,6318.0,91,JOSE ANGEL RODRIGUEZ,6318.0,152.21900177001953,28626.0,23,SPARTAN RT
511,6,499,35200.0,915.0,6574.0,96,OSCAR ESCOBAR,10156.0,154.07300186157227,35354.0,23,SPARTAN RT
512,7,576,40698.0,1068.0,5343.0,77,PABLO DEL CAMPO,10449.0,152.69200134277344,40850.0,23,SPARTAN RT
513,8,643,45402.0,1220.0,4551.0,67,SERGIO BALLESTEROS,11838.0,152.39199829101562,45555.0,23,SPARTAN RT
514,9,654,46318.0,1371.0,762.0,11,JUAN ESCOBAR,6335.0,151.36100006103516,46469.0,23,SPARTAN RT
515,10,720,50985.0,1524.0,4516.0,66,JUAN ESCOBAR,10851.0,152.54000091552734,51138.0,23,SPARTAN RT
516,11,800,56617.0,1677.0,5479.0,80,JOSE ANGEL RODRIGUEZ,11798.0,152.60800170898438,56770.0,23,SPARTAN RT
517,12,811,57542.0,1829.0,771.0,11,PABLO DEL CAMPO,11221.0,152.1230010986328,57694.0,23,SPARTAN RT
518,13,833,59232.0,1980.0,1538.0,22,PABLO DEL CAMPO,12759.0,151.69400024414062,59384.0,23,SPARTAN RT
519,14,905,64281.0,2132.0,4896.0,72,OSCAR ESCOBAR,15052.0,151.65900039672852,64432.0,23,SPARTAN RT
520,15,939,66737.0,2284.0,2304.0,34,SERGIO BALLESTEROS,14142.0,151.54599952697754,66889.0,23,SPARTAN RT
521,16,964,68573.0,2435.0,1684.0,25,SERGIO BALLESTEROS,15827.0,151.63699913024902,68725.0,23,SPARTAN RT
522,17,1008,71743.0,2587.0,3017.0,44,JUAN ESCOBAR,13869.0,151.73100090026855,71895.0,23,SPARTAN RT
523,18,1057,75292.0,2738.0,3397.0,49,JOSE ANGEL RODRIGUEZ,15195.0,151.4769992828369,75444.0,23,SPARTAN RT
524,19,1091,77824.0,2890.0,2380.0,34,PABLO DEL CAMPO,15140.0,151.3519992828369,77975.0,23,SPARTAN RT
525,20,1129,80580.0,3041.0,2604.0,38,JUAN ESCOBAR,16473.0,151.35400009155273,80731.0,23,SPARTAN RT
526,21,1138,81350.0,3192.0,618.0,9,SERGIO BALLESTEROS,16446.0,151.04999923706055,81501.0,23,SPARTAN RT
527,22,1171,83749.0,3345.0,2248.0,33,SERGIO BALLESTEROS,18694.0,153.06999969482422,83902.0,23,SPARTAN RT
528,23,1209,86452.0,0.0,2550.0,38,OSCAR ESCOBAR,17602.0,0.0,0.0,23,SPARTAN RT
529,1,61,4319.0,156.0,4319.0,61,JOSE MARIA FLORES,4319.0,156.12099838256836,4475.0,24,PORTALMOTERO
530,2,141,10056.0,312.0,5580.0,80,ALAN VILCHES,5580.0,155.92200088500977,10212.0,24,PORTALMOTERO
531,3,212,15370.0,469.0,5157.0,71,JOSE LUIS CANO,5157.0,157.6599998474121,15527.0,24,PORTALMOTERO
532,4,282,20579.0,624.0,5051.0,70,EDUARDO GONZALEZ,5051.0,155.1879997253418,20734.0,24,PORTALMOTERO
533,5,359,26103.0,780.0,5368.0,77,FABIAN ALVES,5368.0,155.9280014038086,26259.0,24,PORTALMOTERO
534,6,413,30111.0,937.0,3852.0,54,JESUS OTEGUI,3852.0,156.24200057983398,30268.0,24,PORTALMOTERO
535,7,465,33919.0,1093.0,3650.0,52,JOSE MARIA FLORES,7970.0,156.44800186157227,34075.0,24,PORTALMOTERO
536,8,531,38682.0,1250.0,4607.0,66,ALAN VILCHES,10188.0,157.29000091552734,38840.0,24,PORTALMOTERO
537,9,583,42591.0,1407.0,3751.0,52,JOSE LUIS CANO,8908.0,157.03400039672852,42748.0,24,PORTALMOTERO
538,10,637,46617.0,1564.0,3869.0,54,EDUARDO GONZALEZ,8920.0,156.21099853515625,46773.0,24,PORTALMOTERO
539,11,691,50558.0,1720.0,3785.0,54,FABIAN ALVES,9153.0,156.13600158691406,50715.0,24,PORTALMOTERO
540,12,744,54503.0,1876.0,3787.0,53,JESUS OTEGUI,7640.0,156.26499938964844,54659.0,24,PORTALMOTERO
541,13,795,58201.0,2033.0,3541.0,51,JOSE MARIA FLORES,11512.0,156.76499938964844,58357.0,24,PORTALMOTERO
542,14,836,61186.0,2189.0,2828.0,41,ALAN VILCHES,13017.0,156.5540008544922,61343.0,24,PORTALMOTERO
543,15,843,61870.0,2343.0,526.0,7,JOSE LUIS CANO,9435.0,153.97700119018555,62024.0,24,PORTALMOTERO
544,16,860,63279.0,2501.0,1255.0,17,JOSE LUIS CANO,10691.0,157.39400100708008,63437.0,24,PORTALMOTERO
545,17,910,67036.0,2656.0,3599.0,50,EDUARDO GONZALEZ,12519.0,155.55799865722656,67191.0,24,PORTALMOTERO
546,18,956,70366.0,2812.0,3174.0,46,FABIAN ALVES,12328.0,156.06800079345703,70522.0,24,PORTALMOTERO
547,19,1018,74869.0,2968.0,4347.0,62,JESUS OTEGUI,11987.0,156.1349983215332,75025.0,24,PORTALMOTERO
548,20,1058,77784.0,3124.0,2758.0,40,JOSE MARIA FLORES,14271.0,155.1969985961914,77939.0,24,PORTALMOTERO
549,21,1093,80358.0,3280.0,2418.0,35,ALAN VILCHES,15435.0,156.54100036621094,80514.0,24,PORTALMOTERO
550,22,1126,82901.0,3434.0,2386.0,33,JOSE LUIS CANO,13077.0,154.0379981994629,83055.0,24,PORTALMOTERO
551,23,1157,85202.0,3592.0,2146.0,31,FABIAN ALVES,14475.0,157.48199844360352,85359.0,24,PORTALMOTERO
552,24,1173,86440.0,0.0,1081.0,16,EDUARDO GONZALEZ,13601.0,0.0,0.0,24,PORTALMOTERO
553,1,8,637.0,153.0,637.0,8,IÑIGO DE DIEGO,637.0,153.68299865722656,790.0,25,AURA AM KT
554,2,102,7263.0,306.0,6472.0,94,IÑIGO DE DIEGO,7109.0,152.84600067138672,7416.0,25,AURA AM KT
555,3,189,13434.0,459.0,6018.0,87,JUAN ECHEVERRIA,6018.0,153.04899978637695,13588.0,25,AURA AM KT
556,4,287,20362.0,612.0,6774.0,98,RUBEN SAEZ,6774.0,152.6699981689453,20515.0,25,AURA AM KT
557,5,370,26257.0,763.0,5742.0,83,ALEJANDRO ALONSO,5742.0,151.3159999847412,26408.0,25,AURA AM KT
558,6,463,32777.0,915.0,6369.0,93,JUAN ECHEVERRIA,12387.0,151.79599952697754,32929.0,25,AURA AM KT
559,7,528,37436.0,1066.0,4506.0,65,ALEJANDRO ALONSO,10248.0,151.3759994506836,37587.0,25,AURA AM KT
560,8,561,39877.0,1217.0,2289.0,33,IÑIGO DE DIEGO,9399.0,150.5270004272461,40027.0,25,AURA AM KT
561,9,669,47415.0,1368.0,7388.0,108,IÑIGO DE DIEGO,16787.0,151.5939998626709,47567.0,25,AURA AM KT
562,10,778,55032.0,1520.0,7464.0,109,JAVIER SANCHEZ-DIEZMA,7464.0,151.17799949645996,55183.0,25,AURA AM KT
563,11,889,62745.0,1670.0,7562.0,111,RUBEN SAEZ,14336.0,150.89999961853027,62896.0,25,AURA AM KT
564,12,979,69016.0,1822.0,6119.0,90,JAVIER SANCHEZ-DIEZMA,13584.0,152.04299926757812,69168.0,25,AURA AM KT
565,13,1003,70832.0,1976.0,1664.0,24,ALEJANDRO ALONSO,11912.0,153.11100006103516,70985.0,25,AURA AM KT
566,14,1020,72158.0,2128.0,1172.0,17,ALEJANDRO ALONSO,13084.0,152.2229995727539,72310.0,25,AURA AM KT
567,15,1042,73835.0,2280.0,1525.0,22,ALEJANDRO ALONSO,14610.0,152.30599975585938,73988.0,25,AURA AM KT
568,16,1072,76060.0,2431.0,2071.0,30,ALEJANDRO ALONSO,16682.0,150.9650001525879,76211.0,25,AURA AM KT
569,17,1090,77442.0,2583.0,1231.0,18,RUBEN SAEZ,15568.0,151.98900032043457,77594.0,25,AURA AM KT
570,18,1104,78556.0,2734.0,962.0,14,JUAN ECHEVERRIA,13349.0,150.5970001220703,78707.0,25,AURA AM KT
571,19,1119,79734.0,2884.0,1027.0,15,JUAN ECHEVERRIA,14377.0,150.5890007019043,79885.0,25,AURA AM KT
572,20,1170,83340.0,3035.0,3455.0,51,JUAN ECHEVERRIA,17832.0,150.76399993896484,83491.0,25,AURA AM KT
573,21,1180,84169.0,3186.0,678.0,10,JAVIER SANCHEZ-DIEZMA,14263.0,150.67099952697754,84320.0,25,AURA AM KT
574,22,1191,85075.0,3337.0,754.0,11,JAVIER SANCHEZ-DIEZMA,15017.0,151.09099960327148,85226.0,25,AURA AM KT
575,23,1210,86461.0,0.0,1235.0,19,JAVIER SANCHEZ-DIEZMA,16253.0,0.0,0.0,25,AURA AM KT
